[
  {
    "_id": "5cf1d0db3cfbe0fcbb6c4c93",
    "index": 1,
    "name": "Abul-Abbas",
    "affiliation": "Charlemagne",
    "species": "Asian",
    "sex": "Male",
    "fictional": "false",
    "dob": "Unavailable",
    "dod": "810",
    "wikilink": "https://en.wikipedia.org/wiki/Abul-Abbas",
    "image": "https://elephant-api.herokuapp.com/pictures/001.jpg",
    "note": "An elephant given to Carolingian emperor Charlemagne by the Abbasid caliph Harun al-Rashid."
  },
  {
    "_id": "5cf1d0db8c4845fb358b91d6",
    "index": 2,
    "name": "Arjuna",
    "affiliation": "Dasara",
    "species": "Asian",
    "sex": "Male",
    "fictional": "false",
    "dob": "1960",
    "dod": "-",
    "wikilink": "https://en.wikipedia.org/wiki/Arjuna_(elephant)",
    "image": "https://elephant-api.herokuapp.com/pictures/002.jpg",
    "note": "A lead elephant of the world-famous Mysore Dasara procession."
  },
  {
    "_id": "5cf1d0dbcd5e98f2540c4d1c",
    "index": 3,
    "name": "Balarama",
    "affiliation": "Dasara",
    "species": "Asian",
    "sex": "Male",
    "fictional": "false",
    "dob": "1958",
    "dod": "-",
    "wikilink": "https://en.wikipedia.org/wiki/Balarama_(elephant)",
    "image": "https://elephant-api.herokuapp.com/pictures/missing.jpg",
    "note": "A lead elephant of the world-famous Mysore Dasara procession."
  },
  {
    "_id": "5cf1d0dbe1b30267706da101",
    "index": 5,
    "name": "Black Diamond",
    "affiliation": "Al G. Barnes Circus",
    "species": "Asian",
    "sex": "Male",
    "fictional": "false",
    "dob": "1898",
    "dod": "1929",
    "wikilink": "https://en.wikipedia.org/wiki/Black_Diamond_(elephant)",
    "image": "https://elephant-api.herokuapp.com/pictures/005.jpg",
    "note": "Believed to be the largest Indian elephant in captivity."
  },
  {
    "_id": "5cf1d0db39d971a8ca87f8b1",
    "index": 4,
    "name": "Batyr",
    "affiliation": "Karaganda Zoo",
    "species": "Asian",
    "sex": "Male",
    "fictional": "false",
    "dob": "1970",
    "dod": "1993",
    "wikilink": "https://en.wikipedia.org/wiki/Batyr",
    "image": "https://elephant-api.herokuapp.com/pictures/004.jpg",
    "note": "An elephant claimed to be able to use a large amount of meaningful human speech, reported as having a vocabulary of more than 20 phrases."
  },
  {
    "_id": "5cf1d0db0574158b7a1c34f5",
    "index": 7,
    "name": "Chunee",
    "affiliation": "Exeter Exchange",
    "species": "Asian",
    "sex": "Male",
    "fictional": "false",
    "dob": "Unavailable",
    "dod": "1826",
    "wikilink": "https://en.wikipedia.org/wiki/Chunee",
    "image": "https://elephant-api.herokuapp.com/pictures/007.jpg",
    "note": "An elephant in the menagerie at Exeter Exchange, executed by soldiers from Somerset House in March 1826."
  },
  {
    "_id": "5cf1d0dbb3ae234b17062563",
    "index": 6,
    "name": "Chengalloor Ranganathan",
    "affiliation": "Arattupuzha Pooram",
    "species": "Asian",
    "sex": "Male",
    "fictional": "false",
    "dob": "Unavailable",
    "dod": "1927",
    "wikilink": "Unavailable",
    "image": "https://elephant-api.herokuapp.com/pictures/missing.jpg",
    "note": "Considered the tallest Asian thatever lived. He was killed by another elephant during Arattupuzha Festival in 1927. The century-old skeleton of this elephant is exhibited in the Thrissur Museum in the Main Entrance hall."
  },
  {
    "_id": "5cf1d1ad31795d2421418824",
    "index": 12,
    "name": "Hanno",
    "affiliation": "King Manuel I of Portugal",
    "species": "Asian",
    "sex": "Male",
    "fictional": "false",
    "dob": "1510",
    "dod": "1516",
    "wikilink": "https://en.wikipedia.org/wiki/Hanno_(elephant)",
    "image": "https://elephant-api.herokuapp.com/pictures/012.jpg",
    "note": "The pet white elephant given by King Manuel I of Portugal to Pope Leo X at his coronation."
  },
  {
    "_id": "5cf1d1ef243ea2e6069a4a44",
    "index": 15,
    "name": "Isilo",
    "affiliation": "Tembe Elephant Park",
    "species": "African",
    "sex": "Male",
    "fictional": "false",
    "dob": "1956",
    "dod": "2014",
    "wikilink": "https://en.wikipedia.org/wiki/Isilo_(elephant)",
    "image": "https://elephant-api.herokuapp.com/pictures/missing.jpg",
    "note": "One of South Africa’s largest Africans and the largest living tusker (a male elephant with tusks weighing over 100 pounds) in the southern hemisphere before his death."
  },
  {
    "_id": "5cf1d1ef9bf1ce2d0844d8c6",
    "index": 16,
    "name": "John L. Sullivan",
    "affiliation": "Adam Forepaugh Circus",
    "species": "Asian",
    "sex": "Male",
    "fictional": "false",
    "dob": "1860",
    "dod": "1932",
    "wikilink": "https://en.wikipedia.org/wiki/John_L._Sullivan_(elephant)",
    "image": "https://elephant-api.herokuapp.com/pictures/016.jpg",
    "note": "A boxing elephant in Adam Forepaugh's circus."
  },
  {
    "_id": "5cf1d1ef814468cd1e877a7e",
    "index": 17,
    "name": "Jumbo",
    "affiliation": "P. T. Barnum",
    "species": "African",
    "sex": "Male",
    "fictional": "false",
    "dob": "1860",
    "dod": "1885",
    "wikilink": "https://en.wikipedia.org/wiki/Jumbo",
    "image": "https://elephant-api.herokuapp.com/pictures/017.jpg",
    "note": "A 19th-century male African bush elephant born in Sudan. Jumbo was exported to Jardin des Plantes, a zoo in Paris, and then transferred in 1865 to London Zoo in England. Despite public protest, Jumbo was sold to P. T. Barnum, who took him to the United States for exhibition in March 1882."
  },
  {
    "_id": "5cf1d22923d1eb5854856999",
    "index": 19,
    "name": "Kesavan",
    "affiliation": "Guruvayur Temple, Kerala, India",
    "species": "Asian",
    "sex": "Male",
    "fictional": "false",
    "dob": "1904",
    "dod": "1976",
    "wikilink": "https://en.wikipedia.org/wiki/Guruvayur_Keshavan",
    "image": "https://elephant-api.herokuapp.com/pictures/019.jpg",
    "note": "Perhaps the most famous and celebrated temple elephant in Kerala, India. Keshavan was donated to the Guruvayur Hindu temple by the royal family of Nilambu."
  },
  {
    "_id": "5cf1d1adf325fd6ad3176d33",
    "index": 9,
    "name": "Drona",
    "affiliation": "Dasara",
    "species": "Asian",
    "sex": "Male",
    "fictional": "false",
    "dob": "1936",
    "dod": "1998",
    "wikilink": "https://en.wikipedia.org/wiki/Drona_(elephant)",
    "image": "https://elephant-api.herokuapp.com/pictures/missing.jpg",
    "note": "The lead Dasara Elephants of the Jamboo Savari of Mysore Dasara. He carried the Golden Howdah for a record 18 years consecutive years between 1981 and 1997, before being electrocuted while grazing in 1998."
  },
  {
    "_id": "5cf1d229c6e4d51fbb7523a7",
    "index": 22,
    "name": "Lin Wang",
    "affiliation": "Taipei Zoo",
    "species": "Asian",
    "sex": "Male",
    "fictional": "false",
    "dob": "1917",
    "dod": "2003",
    "wikilink": "https://en.wikipedia.org/wiki/Lin_Wang",
    "image": "https://elephant-api.herokuapp.com/pictures/022.jpg",
    "note": "Served with the Chinese Expeditionary Force during the Second Sino-Japanese War (1937–1945) and later relocated to Taiwan with the Kuomintang forces."
  },
  {
    "_id": "5cf1d26715dd3896b61a7ad6",
    "index": 26,
    "name": "Motty",
    "affiliation": "Chester Zoo, Cheshire",
    "species": "Hybrid Elephant",
    "sex": "Male",
    "fictional": "false",
    "dob": "1978",
    "dod": "1978",
    "wikilink": "https://en.wikipedia.org/wiki/Motty",
    "image": "https://elephant-api.herokuapp.com/pictures/missing.jpg",
    "note": "Only confirmed Asian/African hybrid elephant."
  },
  {
    "_id": "5cf1d2671f2c519d698bc455",
    "index": 29,
    "name": "Packy",
    "affiliation": "Oregon Zoo",
    "species": "Asian",
    "sex": "Male",
    "fictional": "false",
    "dob": "1962",
    "dod": "2017",
    "wikilink": "https://en.wikipedia.org/wiki/Packy_(elephant)",
    "image": "https://elephant-api.herokuapp.com/pictures/029.jpg",
    "note": "First Asian born in the Western Hemisphere in 44 years."
  },
  {
    "_id": "5cf1d2c28066a45f70fe1cad",
    "index": 33,
    "name": "Raja Gaj",
    "affiliation": "Bardiya National Park, Nepal",
    "species": "Asian",
    "sex": "Male",
    "fictional": "false",
    "dob": "1936",
    "dod": "2007",
    "wikilink": "https://en.wikipedia.org/wiki/Raja_Gaj",
    "image": "https://elephant-api.herokuapp.com/pictures/032.jpg",
    "note": "Considered to be the world's largest Asian of modern times."
  },
  {
    "_id": "5cf1d2c2280da34cb73abce5",
    "index": 32,
    "name": "Raja",
    "affiliation": "Sri Dalada Maligawa, Kandy",
    "species": "Asian",
    "sex": "Male",
    "fictional": "false",
    "dob": "1913",
    "dod": "1988",
    "wikilink": "https://en.wikipedia.org/wiki/Raja_(elephant)",
    "image": "https://elephant-api.herokuapp.com/pictures/032.jpg",
    "note": "A Sri Lankan tusker elephant which participated at the annual Esala procession in Kandy for around 50 years, and was declared as a national treasure, in recognition of his valuable services to the religion and culture of Sri Lanka."
  },
  {
    "_id": "5cf1d267441c5d5b2f308de0",
    "index": 28,
    "name": "Osama bin Laden",
    "affiliation": "Assam, India",
    "species": "Asian",
    "sex": "Male",
    "fictional": "false",
    "dob": "Unavailable",
    "dod": "2006",
    "wikilink": "https://en.wikipedia.org/wiki/Osama_bin_Laden_(elephant)",
    "image": "https://elephant-api.herokuapp.com/pictures/missing.jpg",
    "note": "Rogue elephant which killed at least 27 people in India from 2004 to 2006."
  },
  {
    "_id": "5cf1d324ebb6d39f48de496a",
    "index": 42,
    "name": "Thiruvambadi Sivasundar",
    "affiliation": "Thiruvambadi Sri Krishna Temple, Kerala",
    "species": "Asian",
    "sex": "Male",
    "fictional": "false",
    "dob": "1972",
    "dod": "2018",
    "wikilink": "https://en.wikipedia.org/wiki/Thiruvambadi_Sivasundar",
    "image": "https://elephant-api.herokuapp.com/pictures/042.jpg",
    "note": "An Indian elephant purchased by businessman Sundar Menon who gave him as an offering to the deity at the Thiruvambadi Sri Krishna Temple."
  },
  {
    "_id": "5cf1d324eb450b52a52ba78d",
    "index": 40,
    "name": "Suleiman",
    "affiliation": "Maximilian II",
    "species": "African",
    "sex": "Male",
    "fictional": "false",
    "dob": "1540",
    "dod": "1553",
    "wikilink": "https://en.wikipedia.org/wiki/Suleiman_(elephant)",
    "image": "https://elephant-api.herokuapp.com/pictures/040.jpg",
    "note": "Presented in 1551 to Maximilian II, the Holy Roman Emperor, by John III, the King of Portugal, and named after the Ottoman Sultan, Suleiman the Magnificent."
  },
  {
    "_id": "5cf1d3741ca55f34f8561400",
    "index": 47,
    "name": "Ziggy",
    "affiliation": "Brookfield Zoo",
    "species": "Asian",
    "sex": "Male",
    "fictional": "false",
    "dob": "1917",
    "dod": "1975",
    "wikilink": "https://en.wikipedia.org/wiki/Ziggy_(elephant)",
    "image": "https://elephant-api.herokuapp.com/pictures/missing.jpg",
    "note": "After attacking and nearly killing his keeper, Ziggy was chained to the wall of an indoor enclosure, and remained there for nearly three decades. In the late 1960s, when school children and other animal enthusiasts began campaigning for his release, eventually winning the case."
  },
  {
    "_id": "5cf1d324458ad7dd80a510ce",
    "index": 39,
    "name": "Satao",
    "affiliation": "Tsavo East National Park",
    "species": "African",
    "sex": "Male",
    "fictional": "false",
    "dob": "1968",
    "dod": "2014",
    "wikilink": "https://en.wikipedia.org/wiki/Satao_(elephant)",
    "image": "https://elephant-api.herokuapp.com/pictures/039.jpg",
    "note": "One of Kenya's largest Africans, which had unusually large tusks and was killed by poachers."
  }
]
