[
  {
    "_id": "5cf1d0db3cfbe0fcbb6c4c93",
    "index": 1,
    "name": "Abul-Abbas",
    "affiliation": "Charlemagne",
    "species": "Asian",
    "sex": "Male",
    "fictional": "false",
    "dob": "Unavailable",
    "dod": "810",
    "wikilink": "https://en.wikipedia.org/wiki/Abul-Abbas",
    "image": "https://elephant-api.herokuapp.com/pictures/001.jpg",
    "note": "An elephant given to Carolingian emperor Charlemagne by the Abbasid caliph Harun al-Rashid."
  },
  {
    "_id": "5cf1d0db8c4845fb358b91d6",
    "index": 2,
    "name": "Arjuna",
    "affiliation": "Dasara",
    "species": "Asian",
    "sex": "Male",
    "fictional": "false",
    "dob": "1960",
    "dod": "-",
    "wikilink": "https://en.wikipedia.org/wiki/Arjuna_(elephant)",
    "image": "https://elephant-api.herokuapp.com/pictures/002.jpg",
    "note": "A lead elephant of the world-famous Mysore Dasara procession."
  },
  {
    "_id": "5cf1d0dbcd5e98f2540c4d1c",
    "index": 3,
    "name": "Balarama",
    "affiliation": "Dasara",
    "species": "Asian",
    "sex": "Male",
    "fictional": "false",
    "dob": "1958",
    "dod": "-",
    "wikilink": "https://en.wikipedia.org/wiki/Balarama_(elephant)",
    "image": "https://elephant-api.herokuapp.com/pictures/missing.jpg",
    "note": "A lead elephant of the world-famous Mysore Dasara procession."
  },
  {
    "_id": "5cf1d0dbe1b30267706da101",
    "index": 5,
    "name": "Black Diamond",
    "affiliation": "Al G. Barnes Circus",
    "species": "Asian",
    "sex": "Male",
    "fictional": "false",
    "dob": "1898",
    "dod": "1929",
    "wikilink": "https://en.wikipedia.org/wiki/Black_Diamond_(elephant)",
    "image": "https://elephant-api.herokuapp.com/pictures/005.jpg",
    "note": "Believed to be the largest Indian elephant in captivity."
  },
  {
    "_id": "5cf1d0db39d971a8ca87f8b1",
    "index": 4,
    "name": "Batyr",
    "affiliation": "Karaganda Zoo",
    "species": "Asian",
    "sex": "Male",
    "fictional": "false",
    "dob": "1970",
    "dod": "1993",
    "wikilink": "https://en.wikipedia.org/wiki/Batyr",
    "image": "https://elephant-api.herokuapp.com/pictures/004.jpg",
    "note": "An elephant claimed to be able to use a large amount of meaningful human speech, reported as having a vocabulary of more than 20 phrases."
  },
  {
    "_id": "5cf1d0db0574158b7a1c34f5",
    "index": 7,
    "name": "Chunee",
    "affiliation": "Exeter Exchange",
    "species": "Asian",
    "sex": "Male",
    "fictional": "false",
    "dob": "Unavailable",
    "dod": "1826",
    "wikilink": "https://en.wikipedia.org/wiki/Chunee",
    "image": "https://elephant-api.herokuapp.com/pictures/007.jpg",
    "note": "An elephant in the menagerie at Exeter Exchange, executed by soldiers from Somerset House in March 1826."
  },
  {
    "_id": "5cf1d0dbb3ae234b17062563",
    "index": 6,
    "name": "Chengalloor Ranganathan",
    "affiliation": "Arattupuzha Pooram",
    "species": "Asian",
    "sex": "Male",
    "fictional": "false",
    "dob": "Unavailable",
    "dod": "1927",
    "wikilink": "Unavailable",
    "image": "https://elephant-api.herokuapp.com/pictures/missing.jpg",
    "note": "Considered the tallest Asian thatever lived. He was killed by another elephant during Arattupuzha Festival in 1927. The century-old skeleton of this elephant is exhibited in the Thrissur Museum in the Main Entrance hall."
  },
  {
    "_id": "5cf1d1adc46fd30ceb78ea71",
    "index": 8,
    "name": "The Cremona Elephant",
    "affiliation": "Holy Roman Emperor Frederick II",
    "species": "Unavailable",
    "sex": "Unavailable",
    "fictional": "false",
    "dob": "12XX",
    "dod": "Unavailable",
    "wikilink": "https://en.wikipedia.org/wiki/Cremona_elephant",
    "image": "https://elephant-api.herokuapp.com/pictures/008.jpg",
    "note": "A gift presented to Holy Roman Emperor Frederick II by Sultan of Egypt Al-Kamil, in 1229. Frederick used the elephant in his triumph parades."
  },
  {
    "_id": "5cf1d1ad31795d2421418824",
    "index": 12,
    "name": "Hanno",
    "affiliation": "King Manuel I of Portugal",
    "species": "Asian",
    "sex": "Male",
    "fictional": "false",
    "dob": "1510",
    "dod": "1516",
    "wikilink": "https://en.wikipedia.org/wiki/Hanno_(elephant)",
    "image": "https://elephant-api.herokuapp.com/pictures/012.jpg",
    "note": "The pet white elephant given by King Manuel I of Portugal to Pope Leo X at his coronation."
  },
  {
    "_id": "5cf1d1adc6d79601c0fa1286",
    "index": 11,
    "name": "Fanny",
    "affiliation": "Slater Park Zoo, Rhode Island",
    "species": "Asian",
    "sex": "Female",
    "fictional": "false",
    "dob": "Unavailable",
    "dod": "2003",
    "wikilink": "https://en.wikipedia.org/wiki/Fanny_(elephant)",
    "image": "https://elephant-api.herokuapp.com/pictures/011.jpg",
    "note": "A female elephant who spent the majority of her life in a small zoo."
  },
  {
    "_id": "5cf1d1efb60e97c85ab4fc93",
    "index": 13,
    "name": "Hansken",
    "affiliation": "Frederik Hendrik of Orange",
    "species": "Asian",
    "sex": "Female",
    "fictional": "false",
    "dob": "1630",
    "dod": "1655",
    "wikilink": "https://en.wikipedia.org/wiki/Hansken",
    "image": "https://elephant-api.herokuapp.com/pictures/013.jpg",
    "note": "A female elephant that became famous in early 17th-century Europe. She toured many countries, demonstrating circus tricks, and was sketched by Rembrandt and Stefano della Bella."
  },
  {
    "_id": "5cf1d1efcf45c435dbecb9b7",
    "index": 14,
    "name": "Hattie",
    "affiliation": "Central Park Zoo",
    "species": "Asian",
    "sex": "Female",
    "fictional": "false",
    "dob": "Unavailable",
    "dod": "1922",
    "wikilink": "https://en.wikipedia.org/wiki/Hattie_(elephant)",
    "image": "https://elephant-api.herokuapp.com/pictures/014.jpg",
    "note": "An elephant in New York City's Central Park Zoo that was described as the \"most intelligent of all elephants\" and \"nearly human.\""
  },
  {
    "_id": "5cf1d1ef243ea2e6069a4a44",
    "index": 15,
    "name": "Isilo",
    "affiliation": "Tembe Elephant Park",
    "species": "African",
    "sex": "Male",
    "fictional": "false",
    "dob": "1956",
    "dod": "2014",
    "wikilink": "https://en.wikipedia.org/wiki/Isilo_(elephant)",
    "image": "https://elephant-api.herokuapp.com/pictures/missing.jpg",
    "note": "One of South Africa’s largest Africans and the largest living tusker (a male elephant with tusks weighing over 100 pounds) in the southern hemisphere before his death."
  },
  {
    "_id": "5cf1d1ef9bf1ce2d0844d8c6",
    "index": 16,
    "name": "John L. Sullivan",
    "affiliation": "Adam Forepaugh Circus",
    "species": "Asian",
    "sex": "Male",
    "fictional": "false",
    "dob": "1860",
    "dod": "1932",
    "wikilink": "https://en.wikipedia.org/wiki/John_L._Sullivan_(elephant)",
    "image": "https://elephant-api.herokuapp.com/pictures/016.jpg",
    "note": "A boxing elephant in Adam Forepaugh's circus."
  },
  {
    "_id": "5cf1d1add907cd9f9df047b1",
    "index": 10,
    "name": "Echo",
    "affiliation": "Amboseli Elephant Research Project",
    "species": "African Bush Elephant",
    "sex": "Female",
    "fictional": "false",
    "dob": "1945",
    "dod": "2009",
    "wikilink": "https://en.wikipedia.org/wiki/Echo_(elephant)",
    "image": "https://elephant-api.herokuapp.com/pictures/010.jpg",
    "note": "Most studied elephant in the world."
  },
  {
    "_id": "5cf1d229450aa1d22eb8515c",
    "index": 18,
    "name": "Kashin",
    "affiliation": "Auckland Zoo",
    "species": "Asian",
    "sex": "Female",
    "fictional": "false",
    "dob": "1968",
    "dod": "2009",
    "wikilink": "https://en.wikipedia.org/wiki/Kashin_(elephant)",
    "image": "https://elephant-api.herokuapp.com/pictures/018.jpg",
    "note": "Famous for being sponsored by ASB Bank, and featured in the New Zealand produced television programme The Zoo."
  },
  {
    "_id": "5cf1d1ef814468cd1e877a7e",
    "index": 17,
    "name": "Jumbo",
    "affiliation": "P. T. Barnum",
    "species": "African",
    "sex": "Male",
    "fictional": "false",
    "dob": "1860",
    "dod": "1885",
    "wikilink": "https://en.wikipedia.org/wiki/Jumbo",
    "image": "https://elephant-api.herokuapp.com/pictures/017.jpg",
    "note": "A 19th-century male African bush elephant born in Sudan. Jumbo was exported to Jardin des Plantes, a zoo in Paris, and then transferred in 1865 to London Zoo in England. Despite public protest, Jumbo was sold to P. T. Barnum, who took him to the United States for exhibition in March 1882."
  },
  {
    "_id": "5cf1d22923d1eb5854856999",
    "index": 19,
    "name": "Kesavan",
    "affiliation": "Guruvayur Temple, Kerala, India",
    "species": "Asian",
    "sex": "Male",
    "fictional": "false",
    "dob": "1904",
    "dod": "1976",
    "wikilink": "https://en.wikipedia.org/wiki/Guruvayur_Keshavan",
    "image": "https://elephant-api.herokuapp.com/pictures/019.jpg",
    "note": "Perhaps the most famous and celebrated temple elephant in Kerala, India. Keshavan was donated to the Guruvayur Hindu temple by the royal family of Nilambu."
  },
  {
    "_id": "5cf1d22986fdc62d2cfcdc28",
    "index": 20,
    "name": "Kolakolli",
    "affiliation": "Peppara Wildlife Sanctuary",
    "species": "Asian",
    "sex": "Unavailable",
    "fictional": "false",
    "dob": "Unavailable",
    "dod": "2006",
    "wikilink": "https://en.wikipedia.org/wiki/Kolakolli",
    "image": "https://elephant-api.herokuapp.com/pictures/missing.jpg",
    "note": "An Indian rogue elephant which gained considerable notoriety among Indian media and was accused of killing 12 people in and around Peppara over a span of seven to eight years."
  },
  {
    "_id": "5cf1d229b8bc2d4f70aa5b49",
    "index": 21,
    "name": "Lallah Rookh",
    "affiliation": "Dan Rice Circus",
    "species": "Asian",
    "sex": "Female",
    "fictional": "false",
    "dob": "Unavailable",
    "dod": "1860",
    "wikilink": "https://en.wikipedia.org/wiki/Lallah_Rookh",
    "image": "https://elephant-api.herokuapp.com/pictures/missing.jpg",
    "note": "A female elephant known for her tightrope walking act."
  },
  {
    "_id": "5cf1d1adf325fd6ad3176d33",
    "index": 9,
    "name": "Drona",
    "affiliation": "Dasara",
    "species": "Asian",
    "sex": "Male",
    "fictional": "false",
    "dob": "1936",
    "dod": "1998",
    "wikilink": "https://en.wikipedia.org/wiki/Drona_(elephant)",
    "image": "https://elephant-api.herokuapp.com/pictures/missing.jpg",
    "note": "The lead Dasara Elephants of the Jamboo Savari of Mysore Dasara. He carried the Golden Howdah for a record 18 years consecutive years between 1981 and 1997, before being electrocuted while grazing in 1998."
  },
  {
    "_id": "5cf1d229c6e4d51fbb7523a7",
    "index": 22,
    "name": "Lin Wang",
    "affiliation": "Taipei Zoo",
    "species": "Asian",
    "sex": "Male",
    "fictional": "false",
    "dob": "1917",
    "dod": "2003",
    "wikilink": "https://en.wikipedia.org/wiki/Lin_Wang",
    "image": "https://elephant-api.herokuapp.com/pictures/022.jpg",
    "note": "Served with the Chinese Expeditionary Force during the Second Sino-Japanese War (1937–1945) and later relocated to Taiwan with the Kuomintang forces."
  },
  {
    "_id": "5cf1d2291b62a78c9e9ad1f2",
    "index": 23,
    "name": "Mary",
    "affiliation": "Sparks World Famous Shows Circus",
    "species": "Asian",
    "sex": "Female",
    "fictional": "false",
    "dob": "1894",
    "dod": "1916",
    "wikilink": "https://en.wikipedia.org/wiki/Mary_(elephant)",
    "image": "https://elephant-api.herokuapp.com/pictures/023.jpg",
    "note": "Also known as \"Mighty Mary\" and \"Murderous Mary\", this circus elephant was was hanged by a railroad derrick car after killing her inexperienced keeper. This is the only known elephant hanging in history."
  },
  {
    "_id": "5cf1d26746b81e3ade75512d",
    "index": 24,
    "name": "Miss Jim",
    "affiliation": "St. Louis Zoo",
    "species": "Asian",
    "sex": "Female",
    "fictional": "false",
    "dob": "Unavailable",
    "dod": "1948",
    "wikilink": "https://en.wikipedia.org/wiki/Miss_Jim",
    "image": "https://elephant-api.herokuapp.com/pictures/missing.jpg",
    "note": "A former circus elephant, bought for the zoo by the children of St. Louis who pooled their pennies for her purchase."
  },
  {
    "_id": "5cf1d26715dd3896b61a7ad6",
    "index": 26,
    "name": "Motty",
    "affiliation": "Chester Zoo, Cheshire",
    "species": "Hybrid Elephant",
    "sex": "Male",
    "fictional": "false",
    "dob": "1978",
    "dod": "1978",
    "wikilink": "https://en.wikipedia.org/wiki/Motty",
    "image": "https://elephant-api.herokuapp.com/pictures/missing.jpg",
    "note": "Only confirmed Asian/African hybrid elephant."
  },
  {
    "_id": "5cf1d267a82e8e66cce0fe95",
    "index": 25,
    "name": "Mona",
    "affiliation": "Birmingham Zoo, Alabama",
    "species": "Asian",
    "sex": "Female",
    "fictional": "false",
    "dob": "1951",
    "dod": "2007",
    "wikilink": "https://en.wikipedia.org/wiki/Mona_(elephant)",
    "image": "https://elephant-api.herokuapp.com/pictures/025.jpg",
    "note": "Thought, at 60, to have been the oldest Asian in the United States."
  },
  {
    "_id": "5cf1d2671f2c519d698bc455",
    "index": 29,
    "name": "Packy",
    "affiliation": "Oregon Zoo",
    "species": "Asian",
    "sex": "Male",
    "fictional": "false",
    "dob": "1962",
    "dod": "2017",
    "wikilink": "https://en.wikipedia.org/wiki/Packy_(elephant)",
    "image": "https://elephant-api.herokuapp.com/pictures/029.jpg",
    "note": "First Asian born in the Western Hemisphere in 44 years."
  },
  {
    "_id": "5cf1d26746e076b4331cc680",
    "index": 27,
    "name": "Old Bet",
    "affiliation": "Hachaliah Bailey",
    "species": "Asian",
    "sex": "Female",
    "fictional": "false",
    "dob": "Unavailable",
    "dod": "1816",
    "wikilink": "https://en.wikipedia.org/wiki/Old_Bet",
    "image": "https://elephant-api.herokuapp.com/pictures/missing.jpg",
    "note": "The first circus elephant and the second elephant brought to the United States."
  },
  {
    "_id": "5cf1d2c210735d003557514b",
    "index": 31,
    "name": "Queenie",
    "affiliation": "Trefflich Pet Store",
    "species": "Asian",
    "sex": "Female",
    "fictional": "false",
    "dob": "1952",
    "dod": "2011",
    "wikilink": "https://en.wikipedia.org/wiki/Queenie_(waterskiing_elephant)",
    "image": "https://elephant-api.herokuapp.com/pictures/031.jpg",
    "note": "A captive female Asian which was noted in the late 1950s and early 1960s for waterskiing for entertainment."
  },
  {
    "_id": "5cf1d2c28066a45f70fe1cad",
    "index": 33,
    "name": "Raja Gaj",
    "affiliation": "Bardiya National Park, Nepal",
    "species": "Asian",
    "sex": "Male",
    "fictional": "false",
    "dob": "1936",
    "dod": "2007",
    "wikilink": "https://en.wikipedia.org/wiki/Raja_Gaj",
    "image": "https://elephant-api.herokuapp.com/pictures/032.jpg",
    "note": "Considered to be the world's largest Asian of modern times."
  },
  {
    "_id": "5cf1d2c2280da34cb73abce5",
    "index": 32,
    "name": "Raja",
    "affiliation": "Sri Dalada Maligawa, Kandy",
    "species": "Asian",
    "sex": "Male",
    "fictional": "false",
    "dob": "1913",
    "dod": "1988",
    "wikilink": "https://en.wikipedia.org/wiki/Raja_(elephant)",
    "image": "https://elephant-api.herokuapp.com/pictures/032.jpg",
    "note": "A Sri Lankan tusker elephant which participated at the annual Esala procession in Kandy for around 50 years, and was declared as a national treasure, in recognition of his valuable services to the religion and culture of Sri Lanka."
  },
  {
    "_id": "5cf1d267441c5d5b2f308de0",
    "index": 28,
    "name": "Osama bin Laden",
    "affiliation": "Assam, India",
    "species": "Asian",
    "sex": "Male",
    "fictional": "false",
    "dob": "Unavailable",
    "dod": "2006",
    "wikilink": "https://en.wikipedia.org/wiki/Osama_bin_Laden_(elephant)",
    "image": "https://elephant-api.herokuapp.com/pictures/missing.jpg",
    "note": "Rogue elephant which killed at least 27 people in India from 2004 to 2006."
  },
  {
    "_id": "5cf1d2c2c9a0e486451f1d50",
    "index": 34,
    "name": "Rajje",
    "affiliation": "William Pratt",
    "species": "Asian",
    "sex": "Female",
    "fictional": "false",
    "dob": "1951",
    "dod": "1963",
    "wikilink": "https://en.wikipedia.org/wiki/Rajje_(elephant)",
    "image": "https://elephant-api.herokuapp.com/pictures/missing.jpg",
    "note": "A performing elephant that escaped into the streets of Lansing, Michigan, and was killed by gunfire."
  },
  {
    "_id": "5cf1d2c2710b7e2f14158323",
    "index": 36,
    "name": "Ruby",
    "affiliation": "Phoenix Zoo",
    "species": "Asian",
    "sex": "Female",
    "fictional": "false",
    "dob": "1973",
    "dod": "1998",
    "wikilink": "https://en.wikipedia.org/wiki/Ruby_(elephant)",
    "image": "https://elephant-api.herokuapp.com/pictures/036.jpg",
    "note": "An elephant famous for creating paintings. The most expensive of her paintings sold for $25,000."
  },
  {
    "_id": "5cf1d2c2feb0255713c56412",
    "index": 35,
    "name": "Rosie",
    "affiliation": "Miami Beach, Florida",
    "species": "Asian",
    "sex": "Female",
    "fictional": "false",
    "dob": "Unavailable",
    "dod": "1938",
    "wikilink": "https://en.wikipedia.org/wiki/Rosie_the_Elephant",
    "image": "https://elephant-api.herokuapp.com/pictures/missing.jpg",
    "note": "An instrumental figure in the history of the U.S. city of Miami Beach, Florida. Her appearance in publicity photos helped to contribute to the area's early reputation for being a place that a visitor had to see to believe."
  },
  {
    "_id": "5cf1d324f53859b0353d9339",
    "index": 37,
    "name": "Salt",
    "affiliation": "George William Lockhart",
    "species": "Asian",
    "sex": "Female",
    "fictional": "false",
    "dob": "1900",
    "dod": "1952",
    "wikilink": "https://en.wikipedia.org/wiki/Salt_and_Sauce",
    "image": "https://elephant-api.herokuapp.com/pictures/missing.jpg",
    "note": "Salt and Sauce were once two of Britain's most famous and notorious performing elephants. Sauce killed her owner and trainer in an accident at Walthamstow Station and Salt killed an elephant groom when she attacked him in 1957 on Rosaire's Circus."
  },
  {
    "_id": "5cf1d2c29eb2ce805401789d",
    "index": 30,
    "name": "Queenie",
    "affiliation": "Melbourne Zoo",
    "species": "Asian",
    "sex": "Female",
    "fictional": "false",
    "dob": "Unavailable",
    "dod": "1944",
    "wikilink": "https://en.wikipedia.org/wiki/Queenie_(Melbourne_elephant)",
    "image": "https://elephant-api.herokuapp.com/pictures/030.jpg",
    "note": "Gave rides for children at Melbourne Zoo for 40 years."
  },
  {
    "_id": "5cf1d32434d94cbfb43fd1c5",
    "index": 38,
    "name": "Sauce",
    "affiliation": "George William Lockhart",
    "species": "Asian",
    "sex": "Female",
    "fictional": "false",
    "dob": "1900",
    "dod": "1960",
    "wikilink": "https://en.wikipedia.org/wiki/Salt_and_Sauce",
    "image": "https://elephant-api.herokuapp.com/pictures/missing.jpg",
    "note": "Salt and Sauce were once two of Britain's most famous and notorious performing elephants. Sauce killed her owner and trainer in an accident at Walthamstow Station and Salt killed an elephant groom when she attacked him in 1957 on Rosaire's Circus."
  },
  {
    "_id": "5cf1d324ebb6d39f48de496a",
    "index": 42,
    "name": "Thiruvambadi Sivasundar",
    "affiliation": "Thiruvambadi Sri Krishna Temple, Kerala",
    "species": "Asian",
    "sex": "Male",
    "fictional": "false",
    "dob": "1972",
    "dod": "2018",
    "wikilink": "https://en.wikipedia.org/wiki/Thiruvambadi_Sivasundar",
    "image": "https://elephant-api.herokuapp.com/pictures/042.jpg",
    "note": "An Indian elephant purchased by businessman Sundar Menon who gave him as an offering to the deity at the Thiruvambadi Sri Krishna Temple."
  },
  {
    "_id": "5cf1d3240ed9228bbef619df",
    "index": 43,
    "name": "Tai",
    "affiliation": "Have Trunk Will Travel, Inc.",
    "species": "Asian",
    "sex": "Female",
    "fictional": "false",
    "dob": "1968",
    "dod": "-",
    "wikilink": "https://en.wikipedia.org/wiki/Tai_(elephant)",
    "image": "https://elephant-api.herokuapp.com/pictures/missing.jpg",
    "note": "Known for featuring in the films Larger than Life and Water for Elephants."
  },
  {
    "_id": "5cf1d324eb450b52a52ba78d",
    "index": 40,
    "name": "Suleiman",
    "affiliation": "Maximilian II",
    "species": "African",
    "sex": "Male",
    "fictional": "false",
    "dob": "1540",
    "dod": "1553",
    "wikilink": "https://en.wikipedia.org/wiki/Suleiman_(elephant)",
    "image": "https://elephant-api.herokuapp.com/pictures/040.jpg",
    "note": "Presented in 1551 to Maximilian II, the Holy Roman Emperor, by John III, the King of Portugal, and named after the Ottoman Sultan, Suleiman the Magnificent."
  },
  {
    "_id": "5cf1d374e96c3d81cb2d89dd",
    "index": 44,
    "name": "Topsy",
    "affiliation": "Forepaugh Circus",
    "species": "Asian",
    "sex": "Female",
    "fictional": "false",
    "dob": "1875",
    "dod": "1903",
    "wikilink": "https://en.wikipedia.org/wiki/Topsy_(elephant)",
    "image": "https://elephant-api.herokuapp.com/pictures/044.jpg",
    "note": "Killed a spectator who burned her trunk with a lit cigar. In 1903 the owners of a Coney Island park where she ended up publicly executed her via poison, electrocution, and strangling. The Edison Manufacturing movie company shot a film of the execution called Electrocuting an Elephant."
  },
  {
    "_id": "5cf1d32474fdff06d314da6a",
    "index": 41,
    "name": "Surus",
    "affiliation": "Hannibal",
    "species": "Asian",
    "sex": "Unavailable",
    "fictional": "false",
    "dob": "Unavailable",
    "dod": "Unavailable",
    "wikilink": "https://en.wikipedia.org/wiki/Surus",
    "image": "https://elephant-api.herokuapp.com/pictures/041.jpg",
    "note": "Mentioned as the bravest of Hannibal's 37 war elephants which crossed the Alps in 218 BC during the Second Punic War, by Cato the Elder in his book Origines."
  },
  {
    "_id": "5cf1d37401c6112c72ee2489",
    "index": 45,
    "name": "Tuffi",
    "affiliation": "Cirque Alexis Gruss",
    "species": "Asian",
    "sex": "Female",
    "fictional": "false",
    "dob": "1946",
    "dod": "1989",
    "wikilink": "https://en.wikipedia.org/wiki/Tuffi",
    "image": "https://elephant-api.herokuapp.com/pictures/missing.jpg",
    "note": "A female circus elephant that became famous in Germany during 1950 when she accidentally fell into the River Wupper, and survived."
  },
  {
    "_id": "5cf1d374b45cf5da3bd9d810",
    "index": 46,
    "name": "Tyke",
    "affiliation": "Circus International, Honolulu, Hawaii",
    "species": "African",
    "sex": "Female",
    "fictional": "false",
    "dob": "1974",
    "dod": "1994",
    "wikilink": "https://en.wikipedia.org/wiki/Tyke_(elephant)",
    "image": "https://elephant-api.herokuapp.com/pictures/046.jpg",
    "note": "A circus elephant who killed her trainer Allen Campbell and injured her groom Dallas Beckwith before hundreds of spectators. She then bolted from the arena and ran through downtown streets for more than 30 minutes. Police fired 86 shots at Tyke, who eventually collapsed from the wounds and died."
  },
  {
    "_id": "5cf1d3741ca55f34f8561400",
    "index": 47,
    "name": "Ziggy",
    "affiliation": "Brookfield Zoo",
    "species": "Asian",
    "sex": "Male",
    "fictional": "false",
    "dob": "1917",
    "dod": "1975",
    "wikilink": "https://en.wikipedia.org/wiki/Ziggy_(elephant)",
    "image": "https://elephant-api.herokuapp.com/pictures/missing.jpg",
    "note": "After attacking and nearly killing his keeper, Ziggy was chained to the wall of an indoor enclosure, and remained there for nearly three decades. In the late 1960s, when school children and other animal enthusiasts began campaigning for his release, eventually winning the case."
  },
  {
    "_id": "5cf1d324458ad7dd80a510ce",
    "index": 39,
    "name": "Satao",
    "affiliation": "Tsavo East National Park",
    "species": "African",
    "sex": "Male",
    "fictional": "false",
    "dob": "1968",
    "dod": "2014",
    "wikilink": "https://en.wikipedia.org/wiki/Satao_(elephant)",
    "image": "https://elephant-api.herokuapp.com/pictures/039.jpg",
    "note": "One of Kenya's largest Africans, which had unusually large tusks and was killed by poachers."
  },
  { "_id": "5d3687dc15ac6a00048826a7", "__v": 0 },
  { "_id": "5d385e181829080004f50e50", "__v": 0 }
]
